{
    "rate": {
        "0": 4.765933446136492,
        "1": 2.763677382966723,
        "2": 1.9176536943034406,
        "3": 1.5792442188381275,
        "4": 1.410039481105471,
        "5": 1.4946418499717993,
        "6": 1.9740552735476593,
        "7": 2.7918781725888326,
        "8": 4.089114495205866,
        "9": 4.906937394247039,
        "10": 4.991539763113368,
        "11": 5.019740552735477,
        "12": 5.104342921601805,
        "13": 4.991539763113368,
        "14": 4.624929498025945,
        "15": 4.596728708403836,
        "16": 4.709531866892273,
        "17": 4.737732656514383,
        "18": 4.765933446136492,
        "19": 4.991539763113368,
        "20": 5.414551607445008,
        "21": 5.950366610265087,
        "22": 6.457980823463057,
        "23": 5.950366610265087
    }
}